"rooms";"separate_rooms";"area";"sity";"street";"house";"floor";"max_floor";"house_type";"total_square";"live_square";"kitchen_square";"year";"repare_year";"balcony";"total_price";"price"
"1";"1";"Цен";"Минск";"Киселева ул.";"17";"5";"8";"кб";"80";"76,9";"—";"2016";"";"-";"340322";"4254"
"2";"2";"";"Копище";"Подгорная ул.";"19-А/4";"9";"11";"п";"56,4";"29,7";"11,2";"2016";"";"лз";"195600";"3467"
"1";"1";"Фр";"Минск";"Сухаревская ул.";"55";"7";"9";"п";"39,3";"17,2";"8,9";"1999";"";"лз";"115436";"2937"
"2";"2";"Цен";"Минск";"Победителей просп.";"27";"7";"25";"кб";"74,4";"40,7";"11,7";"2012";"";"лз";"425402";"5718"
"5";"5";"Мос";"Минск";"Курганная ул.";"33";"2";"2";"кб";"306";"128";"65,4";"2018";"";"-";"470294";"1537"
"3";"1";"Лен";"Минск";"Маяковского ул.";"8";"6";"9";"к";"63,7";"41,8";"10,6";"1973";"";"бз";"166741";"2617"
"5";"5";"";"Логожеск";"";"";"2";"3";"сб";"297";"133";"32,6";"2016";"";"т";"726818";"2448"
"1";"1";"Фр";"Минск";"Игнатовского ул.";"14";"8";"9";"п";"40";"17,9";"9";"2010";"";"лз";"136813";"3420"
"3";"3";"Лен";"Минск";"Гошкевича ул.";"18";"3";"16";"п";"75";"45";"9,5";"2006";"";"лз";"235147";"3136"
"2";"2";"Окт";"Минск";"Ландера ул.";"62-1";"1";"5";"п";"49,9";"34,2";"6,4";"1973";"";"";"135744";"2721"
"3";"2";"Пер";"Минск";"Независимости просп.";"85-Г";"10";"10";"м";"120";"64,3";"—";"2015";"";"бз";"435727";"3634"
"3";"2";"Цен";"Минск";"Ратомская ул.";"7";"3";"25";"кб";"101";"85,3";"—";"2016";"";"лз";"470294";"4660"
"3";"3";"Цен";"Минск";"Победителей просп.";"135-б";"25";"26";"кб";"106";"82,2";"—";"2018";"";"лз";"";""
"3";"3";"Мос";"Минск";"Дзержинского просп.";"20";"5";"23";"кб";"107";"55,1";"14,8";"2015";"";"2лз";"295965";"2779"
"1";"1";"";"Копище";"Братьев Райт ул.";"7";"2";"7";"п";"25,5";"16,1";"—";"2019";"";"лз";"117574";"4611"
"2";"2";"Пер";"Минск";"Коласа ул.";"36";"3";"5";"к";"59,6";"32";"7,8";"1958";"";"-";"185980";"3121"
"4";"4";"Цен";"Минск";"Гвардейская ул.";"8";"2";"7";"кб";"162";"113";"—";"2004";"";"лз";"639172";"3957"
"3";"3";"Сов";"Минск";"Друйская ул.";"61";"2";"3";"м";"119";"38,1";"—";"2016";"";"б";"380617";"3207"
"4";"4";"Цен";"Минск";"Ильянская ул.";"2-а";"21";"25";"кб";"118";"65,2";"13,8";"";"";"2лз";"335619";"2835"
"1";"1";"";"Копище";"Братьев Райт ул.";"1";"3";"23";"м";"34,5";"25,2";"—";"2019";"";"лз";"130400";"3779"
"3";"2";"Пер";"Минск";"Городецкая ул.";"40";"4";"5";"к";"72,5";"67,8";"—";"1998";"";"лз";"254386";"3508"
"3";"3";"Цен";"Минск";"Червякова ул.";"61";"8";"9";"кб";"107";"65,3";"24";"2008";"";"лз";"504497";"4701"
"2";"2";"Пар";"Минск";"Клумова пер.";"15";"4";"5";"п";"46,6";"31,3";"5,7";"1963";"2012";"б";"119497";"2565"
"3";"3";"Пер";"Минск";"50 лет Победы ул.";"5-2";"6";"9";"п";"68,9";"42,1";"7,2";"1995";"";"лз";"183842";"2668"
"5";"5";"Сов";"Минск";"Поставская ул.";"62";"2";"2";"к";"150";"106";"41,4";"0";"";"-";"382648";"2550"
"2";"2";"Пер";"Минск";"Мстиславца ул.";"1";"3";"10";"кб";"45,6";"29,8";"18";"2011";"";"лз";"235147";"5156"
"1";"1";"";"Марьина Горка";"Ленинская ул.";"92";"5";"5";"п";"45,7";"16,3";"—";"2019";"";"л";"68";"1496"
"1";"1";"Фр";"Минск";"Каменногорская ул.";"6";"12";"13";"кб";"40,8";"33,2";"—";"0";"";"лз";"177429";"4348"
"2";"2";"Сов";"Минск";"Восточная ул.";"125";"5";"8";"кб";"62,6";"59,4";"—";"2019";"";"л";"331344";"5293"
"2";"2";"";"Прилуки";"Майская ул.";"26";"3";"10";"п";"67";"32";"11,7";"2019";"";"2лз";"138737";"2071"
"4";"3";"Мос";"Минск";"Короля ул.";"8";"6";"8";"м";"141";"85,5";"16";"2014";"";"2бз";"790949";"5622"
"5";"4";"";"Тарасово";"Ратомская ул.";"1-А";"";"2";"кб";"147";"83,3";"17,3";"2016";"";"б";"331344";"2249"
"2";"2";"";"Слобода";"Машерова ул.";"";"2";"7";"п";"58,6";"58,6";"10,1";"2019";"";"бз";"";""
"2";"2";"Сов";"Минск";"Олешева ул.";"5";"5";"10";"м";"65,6";"58,7";"—";"";"";"б";"";""
"3";"3";"Цен";"Минск";"Нарочанская ул.";"4";"12";"22";"кб";"103";"55,8";"16,8";"2019";"";"л";"277431";"2685"
"2";"2";"";"Молодечно";"Городокская ул.";"116-В";"3";"5";"к";"60";"35";"—";"2020";"";"л";"88800";"1480"
"4";"4";"Пар";"Минск";"Парниковая ул.";"34-3";"2";"3";"к";"130";"130";"—";"2018";"";"б";"502360";"3865"
"3";"3";"";"Доры";"Октябрьская ул.";"1";"1";"2";"к";"63";"41";"8";"";"";"-";"96197";"1526"
"3";"3";"Цен";"Минск";"Грибоедова ул.";"1";"14";"22";"м";"74,1";"60,1";"—";"2017";"";"бз";"427540";"5770"
"2";"2";"Пер";"Минск";"Коласа ул.";"30";"5";"7";"к";"49,1";"29,5";"—";"1964";"";"бз";"153914";"3134"
"2";"1";"Фр";"Минск";"Бирюзова ул.";"23";"1";"5";"п";"45,1";"32,9";"6,3";"1964";"";"-";"113298";"2512"
"к";"3";"Фр";"Минск";"Глебки ул.";"126";"1в";"9";"п";"72";"17,9";"9,5";"1979";"";"2л";"";""
"1";"1";"Фр";"Минск";"Янковского ул.";"44";"8";"20";"кб";"45";"28";"—";"2013";"";"лз";"159259";"3540"
"2";"2";"Пер";"Минск";"Калининградский пер.";"21";"8";"12";"кб";"58,8";"33";"9,5";"2019";"";"лз";"198806";"3382"
"1";"1";"Фр";"Минск";"Жудро ул.";"37";"6";"9";"п";"33,1";"16,6";"7,4";"1974";"";"бз";"103678";"3132"
"1";"1";"Зав";"Минск";"Партизанский просп.";"80";"4";"5";"к";"30,3";"17,5";"6,4";"1963";"";"лз";"98334";"3245"
"4";"2";"Лен";"Минск";"Плеханова ул.";"121";"1";"9";"п";"84,8";"65";"7,1";"1975";"";"3л";"190255";"2242"
"2";"2";"Пер";"Минск";"Мстиславца ул.";"20";"8";"11";"кб";"62,2";"55,6";"—";"2013";"";"лз";"292865";"4709"
"4";"4";"Фр";"Минск";"Шаранговича ул.";"63-2";"9";"10";"п";"155";"79,9";"12,4";"2002";"";"2лз";"391199";"2529"
"3";"3";"Фр";"Минск";"Матусевича ул.";"72";"2";"11";"м";"90";"47,5";"14,1";"2013";"";"2лз";"238354";"2649"
"1";"1";"";"Лесной";"Александрова ул.";"12";"1";"10";"п";"40,7";"17,2";"9,2";"2010";"";"лз";"112229";"2758"
"3";"3";"Пер";"Минск";"Мстиславца ул.";"18";"10";"20";"кб";"88,1";"—";"—";"2018";"";"лз";"513048";"5823"
"1";"1";"Мос";"Минск";"Чечота ул.";"9";"7";"9";"п";"40,7";"17,1";"9,3";"2007";"";"лз";"133606";"3284"
"2";"2";"Пар";"Минск";"Пулихова ул.";"3";"3";"5";"к";"44,2";"26";"5,5";"1962";"2019";"б";"138737";"3138"
"3";"3";"Лен";"Минск";"Якубова ул.";"30";"4";"9";"п";"77,1";"40,3";"16,5";"1976";"";"2лз";"197737";"2565"
"3";"3";"Пер";"Минск";"Логойский тракт";"10";"12";"17";"к";"128";"68,1";"15,3";"1997";"";"2л";"382648";"2989"
"1";"1";"";"Боровляны";"40 Лет Победы ул.";"35-А";"7";"10";"п";"42,3";"17,1";"9,4";"2013";"";"лз";"114367";"2704"
"2";"2";"";"Гатово";"Металлургическая ул.";"3";"3";"5";"п";"48,7";"32,1";"7,4";"1975";"";"л";"89570";"1838"
"3";"3";"Цен";"Минск";"Москвина ул.";"10";"2";"5";"б";"165";"50";"55";"2008";"";"2лз";1190000;"7191"
"1";"1";"Мос";"Минск";"Щорса ул.";"4-А";"13";"18";"кб";"41,7";"17";"11,7";"2019";"";"лк";"140661";"3373"
"1";"1";"Пер";"Минск";"50 лет Победы ул.";"10";"13";"16";"п";"45,3";"18,1";"9,3";"2009";"";"л";"130186";"2873"
"2";"2";"Лен";"Минск";"Маяковского ул.";"117";"3";"5";"п";"45,7";"30,7";"5,8";"1964";"2013";"б";"117574";"2574"
"2";"2";"Окт";"Минск";"Аэродромная ул.";"36";"10";"19";"п";"60,6";"31,1";"9,3";"2014";"";"лз";"213556";"3525"
"2";"2";"Пар";"Минск";"Уральская ул.";"12";"4";"5";"к";"42,4";"26,4";"5,6";"1962";"";"бз";"117146";"2762"
"3";"3";"Фр";"Минск";"Ольшевского ул.";"1-А";"9";"15";"кб";"73,3";"41,6";"10,3";"2007";"";"лкз";"206288";"2815"
"3";"3";"Пер";"Минск";"Парниковая ул.";"11";"7";"9";"п";"69,6";"41,4";"8,6";"1998";"";"лз";"203082";"2918"
"2";"1";"Мос";"Минск";"Люксембург ул.";"111-А";"2";"3";"к";"36";"25,4";"5";"1958";"";"б";"128048";"3557"
"3";"3";"Мос";"Минск";"Гедройца ул.";"14";"2";"18";"кб";"140";"81,5";"16,7";"2011";"";"3лз";"331344";"2366"
"3";"3";"Мос";"Минск";"Рафиева ул.";"94";"7";"9";"п";"65,2";"43";"7";"1992";"";"лз";"168878";"2591"
"3";"3";"Окт";"Минск";"Братская ул.";"10";"21";"25";"кб";"72";"60,1";"—";"";"";"2л";"192393";"2672"
"3";"2";"Фр";"Минск";"Лынькова ул.";"61";"1";"5";"п";"52";"37";"6,4";"1972";"";"";"132537";"2548"
"1";"1";"Фр";"Минск";"Горецкого ул.";"36";"11";"16";"п";"53";"23,9";"10,8";"2016";"";"лз";"145364";"2743"
"1";"1";"";"Копище";"Лопатина ул.";"15";"8";"23";"кб";"36,2";"26,7";"1";"2014";"";"лз";"128260";"3542"
"1";"1";"Сов";"Минск";"Богдановича ул.";"78";"3";"9";"п";"33";"16,5";"7,4";"1972";"";"лз";"122918";"3724"
"2";"2";"Пар";"Минск";"Щербакова ул.";"31";"1";"5";"п";"42";"27,4";"5,7";"1963";"2008";"-";"114367";"2723"
"3";"3";"Пер";"Минск";"Чорного ул.";"31";"2";"9";"к";"83";"46,4";"9,4";"1997";"";"2лз";"262296";"3160"
"1";"1";"Окт";"Минск";"Аэродромная ул.";"";"5";"19";"п";"45";"17,9";"9,5";"2012";"2016";"л";"153914";"3420"
"2";"2";"";"Лошница";"Молодежная ул.";"22";"5";"5";"п";"56,4";"32,1";"8,2";"1980";"";"лз";"35272";"626"
"3";"3";"Пер";"Минск";"Рогачевская ул.";"5";"8";"9";"б";"71";"44,1";"9";"0";"";"2лз";"196027";"2762"
"4";"4";"Фр";"Минск";"Радиаторный 2-й пер.";"12";"1";"1";"сб";"106";"42,2";"9,9";"0";"";"-";"209495";"1977"
"2";"2";"Пар";"Минск";"Козлова пер.";"20";"2";"5";"к";"42,3";"26,3";"6,2";"1960";"";"-";"143226";"3384"
"4";"4";"Цен";"Минск";"Репина ул.";"4";"19";"19";"кб";"118";"111";"—";"2014";"";"лз";"361271";"3061"
"2";"2";"Окт";"Минск";"Могилевская ул.";"4-2";"4";"9";"п";"46,8";"28,5";"7,1";"1986";"";"лз";"152418";"3258"
"2";"1";"Пер";"Минск";"Макаенка ул.";"";"15";"25";"кб";"73,6";"62,4";"—";"2017";"";"лз";"236002";"3207"
"1";"1";"Пер";"Минск";"50 лет Победы ул.";"14";"2";"9";"б";"40,5";"17,9";"9,1";"2007";"";"лз";"135744";"3352"
"3";"3";"Окт";"Минск";"Мира просп.";"2-А";"11";"25";"кб";"65,9";"37,4";"10,6";"2020";"";"л";"173154";"2627"
"2";"2";"Цен";"Минск";"Репина ул.";"4";"13";"13";"кб";"58";"39,1";"—";"2014";"";"лз";"266999";"4602"
"2";"2";"Мос";"Минск";"Железнодорожный 3-й пер.";"10";"8";"12";"кб";"72,2";"38,1";"13,9";"2014";"";"лз";"208426";"2886"
"2";"2";"Окт";"Минск";"Могилевская ул.";"16";"7";"12";"п";"50,3";"29";"8,8";"1987";"";"л";"149639";"2974"
"3";"3";"Лен";"Минск";"Прушинских ул.";"26";"2";"9";"п";"66,6";"43,4";"8,9";"2003";"";"лзв";"208426";"3130"
"3";"3";"Цен";"Минск";"Коммунистическая ул.";"14";"5";"5";"к";"80,5";"50,1";"9,4";"1952";"";"б";"459606";"5710"
"4";"3";"Пар";"Минск";"Карвата ул.";"31-А";"19";"20";"кб";"132";"85,2";"41,8";"2012";"";"лз";"331130";"2505"
"3";"2";"Пер";"Минск";"Городецкая ул.";"13";"12";"12";"к";"71,5";"41,1";"9,7";"1996";"";"лз";"271488";"3797"
"1";"1";"";"Копище";"Авиационная ул.";"7";"3";"4";"п";"40,1";"17,1";"9,2";"2018";"";"лз";"158190";"3944"
"2";"1";"Окт";"Минск";"Братская ул.";"10";"21";"25";"м";"72,5";"60,5";"—";"2018";"";"2лз";"193729";"2672"
"2";"2";"Сов";"Минск";"Коласа ул.";"6";"2";"5";"к";"56,2";"32,8";"8,6";"1958";"2010";"бз";"216763";"3856"
"1";"1";"Фр";"Минск";"Скрипникова ул.";"1";"6";"8";"п";"37,7";"17,1";"9,5";"2007";"";"лз";"138951";"3685"
"2";"2";"Пер";"Минск";"Гинтовта ул.";"40";"2";"9";"п";"54,8";"31,7";"9,2";"1990";"";"лз";"144295";"2634"
"2";"2";"Мос";"Минск";"Люксембург ул.";"175";"5";"к";"";"45,4";"30,9";"6";"2013";"";"бз";"136599";"3008"
"4";"4";"Окт";"Минск";"Воронянского ул.";"50-4";"7";"16";"к";"82,8";"53,7";"10,6";"1999";"";"2л";"256524";"3098"
"4";"4";"Пер";"Минск";"Туровского ул.";"2";"10";"10";"кб";"121";"94,4";"—";"2015";"";"лз";"";""
"1";"1";"Фр";"Минск";"Налибокская ул.";"17";"9";"16";"п";"51,3";"23,9";"11";"2014";"";"лкз";"143226";"2792"
"1";"1";"Пер";"Минск";"Мстиславца ул.";"18";"7";"20";"м";"46,1";"39,8";"—";"2018";"";"лз";"218045";"4731"
"3";"3";"Пар";"Минск";"Козлова пер.";"16";"2";"4";"к";"56";"41";"6,2";"1962";"";"б";"138737";"2478"
"2";"2";"Окт";"Минск";"Московская ул.";"9";"3";"5";"к";"46";"29";"6";"1956";"";"э";"218045";"4739"
"2";"1";"Цен";"Минск";"Пионерская ул.";"7";"3";"6";"кб";"71,7";"50";"12,5";"2008";"";"б";"324930";"4532"
"4";"4";"";"Боровляны";"Березовая роща ул.";"99";"3";"4";"п";"89,8";"58";"10,2";"2015";"";"лз";"254386";"2832"
"2";"1";"Цен";"Минск";"Осипенко ул.";"17";"2";"5";"п";"45,3";"30,9";"6,1";"1963";"";"бз";"154983";"3420"
"2";"2";"Цен";"Минск";"Киселева ул.";"22";"3";"5";"к";"42,3";"25,8";"6";"1962";"";"б";"153914";"3638"
"1";"1";"Пар";"Минск";"Геологическая ул.";"133";"8";"12";"к";"39";"16";"7";"2001";"";"лз";"106864";"2741"
"2";"2";"Окт";"Минск";"Ландера ул.";"8";"1в";"5";"п";"47";"31,7";"6,2";"1968";"";"-";"125055";"2661"
"1";"1";"";"Марьина Горка";"Ленинская ул.";"92";"5";"5";"кб";"45,7";"26,5";"10,1";"2019";"";"лз";"54511";"1193"
"4";"4";"";"Прилуки";"Мира ул.";"29";"1";"9";"п";"96,2";"59,6";"8,7";"2015";"";"2лз";"209281";"2176"
"1";"1";"Фр";"Минск";"Пономаренко ул.";"28";"7";"9";"п";"35";"17,1";"7,1";"1987";"";"лз";"106671";"3048"
"3";"3";"Цен";"Минск";"Грибоедова ул.";"1";"17";"22";"м";"74,1";"60,1";"—";"2014";"";"лз";"427540";"5770"
"3";"3";"Пер";"Минск";"Макаенка ул.";"12-Б";"7";"21";"кб";"90,8";"88,1";"—";"2018";"";"л";"398147";"4384"
"2";"2";"Пер";"Минск";"Городецкая ул.";"38";"4";"9";"к";"53,6";"28";"8,9";"1997";"";"2лз";"164603";"3072"
"2";"2";"Окт";"Минск";"Германовская ул.";"15";"4";"9";"п";"57,9";"29";"10";"2012";"";"л";"174650";"3016"
"1";"1";"Пар";"Минск";"Менделеева ул.";"25";"7";"9";"б";"35,8";"18";"7,5";"1973";"2019";"б";"110947";"3100"
"3";"3";"Фр";"Минск";"Чайлытко ул.";"20";"5";"9";"п";"67";"38,3";"8,8";"1994";"";"лз";"159900";"2386"
"3";"3";"";"Жодино";"Жодинская ул.";"7";"1";"3";"к";"63,9";"45,7";"6,9";"1958";"";"-";"78026";"1221"
"3";"3";"Лен";"Минск";"Маяковского ул.";"154";"9в";"9";"к";"71";"40,7";"9,3";"1993";"";"лзв";"234933";"3309"
"2";"2";"Окт";"Минск";"Кижеватова ул.";"62";"1";"9";"п";"46,6";"28,4";"7,1";"1977";"";"лз";"122918";"2638"
"1";"1";"";"Лесной";"Александрова ул.";"14";"7";"9";"п";"40,8";"17";"9,3";"2011";"";"лз";"115222";"2824"
"2";"2";"Окт";"Минск";"Могилевская ул.";"14";"15";"17";"к";"80,5";"36,8";"13,3";"2003";"";"2лз";"277901";"3452"
"2";"2";"Пар";"Минск";"Высокая ул.";"11-Д";"13";"20";"кб";"62,8";"33,8";"12,4";"2009";"";"лз";"168878";"2689"
"3";"3";"Пер";"Минск";"Макаенка ул.";"12-Б";"10";"16";"кб";"91,4";"81";"—";"2018";"";"лз";"254386";"2783"
"2";"2";"";"Борисов";"Днепровская ул.";"2";"1";"5";"п";"44,4";"29,7";"5,8";"1971";"";"-";"47029";"1058"
"3";"3";"";"Слуцк";"Тутаринова ул.";"13";"2";"5";"к";"83";"76";"10";"2002";"";"2б";"106885";"1287"
"4";"4";"Мос";"Минск";"Правда газеты просп.";"14-3";"4";"12";"п";"77,4";"60";"—";"1988";"";"2лзв";"233009";"3010"
"3";"3";"Фр";"Минск";"Скрипникова ул.";"5";"8";"9";"п";"78";"46,5";"10,4";"2006";"";"лз";"196668";"2520"
"1";"1";"";"Боровляны";"Магистральная ул.";"11-А";"6";"7";"п";"37,8";"17,2";"9,2";"2011";"";"лз";"121849";"3224"
"2";"2";"";"Боровляны";"40 Лет Победы ул.";"35-А/1";"2";"9";"п";"53,1";"28,2";"10,2";"2014";"";"лз";"157976";"2976"
"4";"4";"Цен";"Минск";"Мястровская ул.";"6";"11";"22";"кб";"93";"78,9";"11";"2013";"";"лз";"438229";"4711"
"1";"1";"Мос";"Минск";"Дзержинского просп.";"9";"12";"13";"кб";"39,7";"16,1";"10";"2012";"";"бз";"168878";"4254"
"1";"1";"Цен";"Минск";"Романовская Слобода ул.";"12";"6";"9";"к";"30,7";"16,9";"8";"1966";"2007";"б";"134248";"4369"
"2";"2";"Пер";"Минск";"Независимости просп.";"137-1";"9";"9";"п";"46,2";"28,1";"7";"1971";"2013";"лз";"149639";"3239"
"3";"2";"Мос";"Минск";"Правда газеты просп.";"8";"2";"9";"п";"63,2";"43,2";"7,2";"1979";"";"лз";"187904";"2974"
"3";"3";"";"Боровляны";"Магистральная ул.";"11-а";"5";"7";"п";"77";"47,3";"10,1";"2011";"";"лз";"213556";"2773"
"1";"1";"Пер";"Минск";"Мстиславца ул.";"6";"7";"10";"кб";"48,6";"40,5";"—";"2017";"";"лз";"183842";"3784"
"7";"7";"";"Сеница";"Слуцкое шоссе";"51";"2";"2";"сб";"277";"178";"35,3";"2013";"";"";"267213";"966"
"2";"2";"Фр";"Минск";"Берута ул.";"17-2";"5";"9";"п";"48,1";"28,2";"9,8";"1971";"2010";"л";"134675";"2800"
"1";"1";"Мос";"Минск";"Люксембург ул.";"109";"4";"4";"к";"28,7";"17";"5,4";"1959";"";"б";"101327";"3527"
"1";"1";"";"Ждановичи";"Кольцевая ул.";"8";"3";"5";"к";"42,6";"17,6";"8,3";"1983";"";"бз";"100472";"2358"
"3";"2";"Зав";"Минск";"Голодеда ул.";"25";"2";"5";"п";"48,8";"33,9";"6,1";"1968";"";"лз";"120780";"2473"
"2";"2";"Зав";"Минск";"Бачило ул.";"4";"6";"9";"п";"46,8";"28,5";"7,1";"1989";"";"лз";"141954";"3033"
"2";"2";"Лен";"Минск";"Маяковского ул.";"170";"5";"5";"к";"46";"27";"6";"1960";"2013";"бзв";"147501";"3207"
"к";"3";"Цен";"Минск";"Немига ул.";"6";"10";"11";"к";"78";"45";"9";"1982";"";"лз";"85508";"1900"
"3";"2";"Зав";"Минск";"Кабушкина пер.";"25";"9т";"9";"п";"64,8";"40,9";"9,1";"1992";"";"2лз";"166527";"2570"
"3";"3";"Окт";"Минск";"Казинца ул.";"76";"3";"9";"п";"63,5";"43,7";"7,1";"1976";"";"лз";"181705";"2862"
"2";"2";"Фр";"Минск";"Пушкина просп.";"3";"1";"9";"п";"54,8";"34,3";"10";"1973";"2005";"лз";"144295";"2634"
"3";"3";"Цен";"Минск";"Ратомская ул.";"34";"6";"6";"м";"98,6";"92,3";"—";"2018";"";"2б";"961965";"9756"
"2";"2";"Пер";"Минск";"Макаенка ул.";"12-Б";"4в";"21";"кб";"45";"37";"—";"2018";"";"б";"209708";"4660"
"3";"3";"Цен";"Минск";"Сморговский тракт";"7";"3";"17";"кб";"85";"45,5";"13";"2011";"";"б";"284314";"3346"
"2";"2";"Зав";"Минск";"Голодеда ул.";"4-1";"9";"10";"к";"48,7";"27,2";"7,3";"1978";"";"лз";"149639";"3072"
"1";"1";"Сов";"Минск";"Топографическая ул.";"13";"5";"20";"к";"40";"20";"10";"2015";"";"лз";"143226";"3581"
"4";"0";"Пер";"Минск";"Мстиславца ул.";"18";"16";"20";"кб";"91";"88,6";"—";"2019";"";"лз";"296071";"3254"
"2";"2";"";"Копище";"Лопатина ул.";"6";"13";"23";"кб";"65,8";"13,6";"30,8";"2013";"";"2лз";"207357";"3151"
"2";"2";"Сов";"Минск";"Кольцова ул.";"12-1";"2";"5";"к";"50";"30";"6,5";"1967";"2012";"лз";"140874";"2817"
"1";"1";"Лен";"Минск";"Лучины ул.";"46";"4";"9";"п";"37,2";"17,1";"8,9";"2001";"";"лз";"117574";"3160"
"4";"4";"Фр";"Минск";"Пономаренко ул.";"54";"1";"9";"к";"119";"75";"12";"2001";"";"л";"318517";"2687"
"3";"3";"Фр";"Минск";"Притыцкого ул.";"91";"5";"10";"м";"91,1";"60";"13,4";"2011";"";"лз";"361271";"3965"
"2";"2";"Мос";"Минск";"Звязда газеты просп.";"43";"5";"9";"п";"49,3";"28,7";"7,2";"1980";"";"лзв";"134675";"2732"
"2";"2";"";"Мачулищи";"Молодежная ул.";"8";"5";"5";"п";"47,5";"27,5";"9,5";"1978";"";"бз";"88715";"1868"
"к";"3";"Зав";"Минск";"Уборевича ул.";"160";"2";"5";"п";"61";"28,4";"6,2";"1967";"";"";"70544";"2484"
"к";"2";"Пер";"Минск";"Волгоградская ул.";"27-а";"4";"4";"б";"41";"9,4";"6";"1961";"2016";"";"31852";"3399"
"3";"3";"Фр";"Минск";"Сухаревская ул.";"46";"9";"19";"кб";"76,7";"60";"23,7";"2011";"";"лз";"292865";"3818"
"1";"1";"";"Копище";"Камова ул.";"4";"2";"7";"п";"37,5";"15";"9,4";"2020";"";"лз";"125697";"3352"
"3";"3";"Окт";"Минск";"Братская ул.";"8";"14";"22";"м";"69,1";"59,9";"9,2";"2018";"";"лз";"219114";"3170"
"2";"2";"Сов";"Минск";"Куйбышева ул.";"28";"1";"5";"к";"52,1";"33,7";"6,9";"1966";"2012";"-";"145364";"2790"
"2";"2";"Цен";"Минск";"Новинковская ул.";"4";"5";"9";"п";"51,2";"28,2";"9";"1996";"";"лз";"140874";"2751"
"2";"1";"Пер";"Минск";"Ложинская ул.";"5";"3";"25";"м";"70,9";"32,7";"17,3";"2012";"";"лз";"266785";"3762"
"3";"3";"Лен";"Минск";"Маркса ул.";"45";"5";"5";"к";"82,7";"52,9";"8,3";"1954";"";"б";"339894";"4111"
"4";"3";"Фр";"Минск";"Радиаторный 4-й пер.";"41";"1";"3";"к";"144";"81,4";"20,8";"1997";"";"лз";"427326";"2969"
"4";"3";"Пар";"Минск";"Захарова ул.";"50-В";"6";"14";"к";"124";"70,5";"29,2";"2004";"";"2лз";"491671";"3978"
"2";"2";"";"Копище";"Подгорная ул.";"21-Б";"19т";"19";"п";"57,1";"32,7";"9,7";"2018";"";"лз";"170802";"2991"
"1";"1";"";"Минск";"Подгорная ул.";"19-А1";"5";"10";"п";"39,7";"17,8";"9";"2015";"";"лз";"125055";"3151"
"1";"1";"Фр";"Минск";"Брикета ул.";"4";"1";"5";"б";"34,1";"17,9";"7,5";"1977";"";"-";"105816";"3104"
"1";"1";"Фр";"Минск";"Чичурина ул.";"8";"6";"10";"п";"39,5";"16,8";"9,6";"2011";"";"л";"122918";"3112"
"2";"2";"";"Копище";"Камова ул.";"2";"2";"8";"п";"54,2";"29,3";"11,3";"2020";"";"лз";"164603";"3040"
"2";"1";"Пер";"Минск";"Калиновского ул.";"95";"1";"5";"п";"47,1";"31,5";"6,2";"1967";"";"-";"134461";"2854"
"2";"2";"Цен";"Минск";"Киселева ул.";"10";"4";"5";"к";"40,9";"29,9";"—";"1959";"1994";"бз";"331344";"8102"
"1";"1";"Сов";"Минск";"Мирошниченко ул.";"3-Б";"5";"10";"п";"40,6";"17,1";"9,1";"2015";"";"л";"147501";"3634"
"1";"1";"Зав";"Минск";"Мичурина ул.";"25";"4";"12";"к";"36,2";"17";"7";"1989";"";"б";"106671";"2946"
"2";"2";"Цнтр";"Молодечно";"Хмельницкого Б. ул.";"3-а";"2";"5";"к";"45";"32";"—";"";"";"б";"126124";"2803"
"1";"1";"";"Боровляны";"Первомайская ул.";"50";"1";"9";"п";"42,9";"17,1";"8,6";"2007";"";"лз";"113298";"2640"
"1";"1";"";"Борисов";"Гагарина ул.";"89";"5";"5";"к";"30,2";"16,6";"6,3";"1967";"";"б";"40616";"1342"
"1";"1";"Пер";"Минск";"50 лет Победы ул.";"20";"14";"19";"п";"45";"17,9";"9,2";"2017";"";"бз";"151349";"3363"
"3";"3";"Цен";"Минск";"Ильянская ул.";"";"10";"25";"м";"67,7";"37,7";"—";"2019";"";"л";"277901";"4104"
"5";"5";"Цен";"Минск";"Гая ул.";"4-2";"6";"6";"к";"154";"77,6";"25,7";"2000";"";"лз";"427326";"2781"
"2";"2";"Лен";"Минск";"Плеханова ул.";"36";"2";"5";"п";"50,2";"34,7";"6,3";"1972";"";"бз";"121635";"2424"
"2";"2";"Мос";"Минск";"Волоха ул.";"53-а";"3";"9";"к";"47,4";"28";"8,3";"1961";"";"бз";"143226";"3023"
"3";"3";"Цен";"Минск";"Победителей просп.";"121";"2";"5";"м";"127";"68,2";"16,7";"2016";"";"лз";"534425";"4205"
"2";"1";"Сов";"Минск";"Золотая Горка ул.";"12";"5";"5";"п";"44,5";"30,6";"6";"1967";"2009";"б";"138951";"3123"
"1";"1";"Фр";"Минск";"Лосика ул.";"31";"7";"19";"кб";"41,3";"38,9";"9,6";"2017";"";"лз";"138951";"3365"
"4";"3";"Фр";"Минск";"Притыцкого ул.";"83";"10";"12";"кб";"125";"70";"33";"2007";"";"лз";"480983";"3848"
"2";"2";"";"Копище";"Лопатина ул.";"6";"12";"23";"кб";"63,3";"44,2";"—";"2013";"";"лз";"256310";"4049"
"2";"2";"Фр";"Минск";"Матусевича ул.";"72";"10";"13";"м";"76,3";"38,6";"12";"2011";"";"лз";"235147";"3083"
"2";"2";"Сов";"Минск";"Восточная ул.";"50";"6";"9";"п";"51,1";"30,8";"7,1";"1977";"2019";"лз";"164389";"3219"
"2";"2";"Пер";"Минск";"Калиновского ул.";"73-1";"1";"5";"п";"41,4";"24,9";"6,2";"1966";"";"";"121421";"2933"
"3";"2";"Пер";"Минск";"Независимости просп.";"168";"2";"10";"кб";"102";"58,2";"14,9";"2005";"";"лз";"327068";"3198"
"1";"1";"Мос";"Минск";"Гебелева ул.";"1";"4";"4";"к";"27,6";"15,3";"5,2";"1959";"2008";"бзв";"111160";"4023"
"1";"1";"Фр";"Минск";"Лосика ул.";"31";"8";"19";"м";"41";"26,7";"—";"2017";"";"лз";"145150";"3540"
"1";"1";"";"Боровляны";"";"";"3";"5";"п";"34,3";"17,9";"7,3";"1977";"";"-";"85508";"2493"
"5";"5";"";"Солнечный";"Сосновая ул.";"7";"3";"3";"к";"415";"292";"14,9";"2013";"";"т";"741782";"1789"
"к";"4";"";"Слуцк";"Парижской Коммуны ул.";"8";"1в";"5";"п";"58";"29";"6";"1970";"2018";"бз";"20308";"701"
"к";"3";"Окт";"Витебск";"Ленина ул.";"60";"1";"2";"к";"48,3";"11,6";"10";"";"";"-";"21163";"1823"
"к";"2";"";"Кобрин";"";"";"5";"5";"к";"49,1";"14";"7,2";"1979";"2008";"л";"23515";"1680"
"к";"2";"";"Кобрин";"Пушкина ул.";"";"5";"5";"к";"49,1";"14";"7,2";"1979";"";"лз";"23515";"1680"
"к";"3";"Лен";"Брест";"Героев обороны Брестской крепости ул.";"";"5";"5";"к";"67,3";"14";"4";"1973";"";"б";"23515";"1680"
"к";"2";"Моск";"Брест";"Московская ул.";"";"5";"5";"п";"38,2";"23,1";"5,4";"1971";"";"б";"23515";"1018"
"к";"2";"Моск";"Брест";"Скрипникова ул.";"";"2";"5";"к";"50,3";"14,6";"7,4";"1975";"";"б";"23515";"1610"
"к";"3";"Фр";"Минск";"Пономаренко ул.";"32";"3";"9";"п";"57,3";"9";"7";"1983";"";"л";"24584";"2732"
"к";"2";"Лен";"Брест";"Сосновый пер.";"";"4";"5";"п";"49,8";"29,5";"7,4";"1998";"";"л";"24584";"834"
"к";"4";"Жел";"Витебск";"Кирова ул.";"";"3";"5";"к";"92,4";"15,3";"9,4";"1956";"";"бз";"25225";"1644"
"к";"4";"";"Жодино";"50 Лет Октября ул.";"12";"1в";"5";"п";"80,6";"13";"7,2";"1988";"";"б";"25652";"1973"
"к";"2";"Пер";"Витебск";"Бровки ул.";"";"1в";"9";"п";"91,4";"20,4";"8";"1979";"";"-";"25652";"1257"
"к";"2";"Моск";"Брест";"Скрипникова ул.";"";"2";"5";"к";"50";"14,6";"7,4";"1975";"";"лз";"25652";"1757"
"к";"2";"";"Молодечно";"Будавников ул.";"";"5";"9";"п";"49,6";"24,8";"8,8";"1979";"";"лз";"26721";"1077"
"к";"3";"";"Борисов";"Гречко б-р";"18";"5";"5";"п";"61,9";"16,1";"9,3";"1982";"";"л";"26721";"1659"
"к";"3";"";"Мачулищи";"Коммунальная ул.";"1";"1";"2";"к";"73";"19,5";"7,4";"1956";"1990";"-";"26721";"1370"
"к";"2";"Окт";"Витебск";"Фрунзе просп.";"";"1";"5";"п";"41";"17,8";"—";"1965";"";"-";"26721";"1501"
"к";"5";"Пер";"Витебск";"Бровки ул.";"";"1";"9";"п";"94";"20,4";"8";"1979";"";"-";"26721";"1310"
"к";"2";"Зав";"Минск";"Васнецова ул.";"13-А";"4";"5";"п";"42,1";"10,5";"5,7";"1963";"";"";"27790";"2646"
"к";"2";"";"Бобруйск";"Горелика ул.";"63";"4";"4";"к";"65,6";"17,9";"9,1";"2000";"";"-";"27790";"1552"
"к";"3";"";"Борисов";"Революции просп.";"14";"3";"4";"к";"83";"12";"12";"1934";"";"б";"27790";"2315"
"к";"3";"Моск";"Брест";"Московская ул.";"";"1";"9";"к";"66,7";"41";"7,5";"1976";"";"2л";"27790";"678"
"к";"3";"Лен";"Брест";"Орловская ул.";"";"5";"9";"п";"66,5";"40,3";"9,4";"1981";"";"2л";"28859";"716"
"к";"3";"Зав";"Минск";"Народная ул.";"26-2";"5";"5";"п";"59,4";"14";"5,8";"1969";"";"-";"29500";"2108"
"к";"3";"";"Городок";"Гагарина ул.";"";"4";"5";"к";"62";"36";"9";"1976";"2015";"л";"29928";"832"
"к";"3";"";"Гатово";"Металлургическая ул.";"26";"2";"5";"п";"70";"12";"9";"1993";"";"лз";"29928";"2495"
"к";"3";"Лен";"Минск";"Серафимовича ул.";"6";"1";"3";"к";"65";"12,3";"9,2";"1954";"";"-";"29928";"2433"
"к";"3";"Лен";"Брест";"Красногвардейская ул.";"";"2";"5";"к";"56,6";"36,7";"6,8";"1976";"";"л";"29928";"814"
"к";"2";"Моск";"Брест";"Жукова ул.";"";"2";"4";"к";"44,2";"25,8";"5,9";"1965";"";"-";"29928";"1161"
"к";"3";"Моск";"Брест";"Московская ул.";"";"4";"9";"к";"66,8";"41";"7,6";"1975";"";"л";"29928";"729"
"к";"3";"";"Солигорск";"Молодежная ул.";"7";"9";"9";"п";"63,6";"41,6";"8,5";"1988";"2005";"б";"30997";"746"
"к";"3";"";"Борисов";"Революции просп.";"3";"5";"5";"к";"56,5";"23";"—";"1961";"";"б";"30997";"1347"
"к";"4";"Зав";"Минск";"Илимская ул.";"29";"6";"9";"п";"80,2";"12,1";"8,3";"1986";"";"л";"30997";"2570"
"к";"4";"";"Кобрин";"700-Летия Кобрина ул.";"4";"4";"5";"п";"85";"49";"9";"1992";"";"лз";"31852";"650"
"к";"2";"Пер";"Минск";"Волгоградская ул.";"27-а";"4";"4";"б";"41";"9,4";"6";"1961";"2016";"";"31852";"3399"
"к";"5";"Пер";"Минск";"Козлова ул.";"31";"2";"5";"к";"94,4";"9,4";"10,6";"1961";"2013";"";"31852";"3388"
"к";"4";"Зав";"Минск";"Бачило ул.";"7";"1";"9";"п";"79,8";"12,4";"7,2";"1993";"";"-";"32066";"2587"
"к";"3";"Зав";"Минск";"Днепровская ул.";"7";"2";"2";"б";"52";"8,7";"5,2";"1951";"";"б";"32066";"3685"
"к";"3";"Зав";"Минск";"Уборевича ул.";"12";"5";"5";"к";"56";"10,8";"7,8";"1969";"2015";"";"32066";"2969"
"к";"5";"Лен";"Минск";"Семенова ул.";"20";"4";"9";"к";"102";"—";"7,1";"1972";"";"3б";"";""
"к";"3";"Мос";"Минск";"Голубева ул.";"11";"2";"9";"п";"62,7";"10,5";"8,3";"1979";"2015";"-";"32066";"3068"
"к";"3";"Лен";"Брест";"Южная ул.";"";"1";"1";"сб";"62,9";"13,4";"8,3";"1961";"";"-";"32066";"2392"
"к";"2";"Моск";"Брест";"Жукова ул.";"";"2";"5";"к";"59";"33";"10,1";"2010";"";"л";"32066";"973"
"к";"2";"Моск";"Брест";"Молодогвардейская ул.";"";"1";"9";"п";"55";"16,9";"9";"2001";"";"л";"32066";"1898"
"к";"4";"Лен";"Минск";"Плеханова ул.";"68-3";"1в";"9";"п";"73,3";"9,7";"7,2";"1981";"";"2л";"32279";"3328"
"к";"3";"Мос";"Минск";"Любимова просп.";"9";"4";"12";"п";"63,8";"8,7";"8,8";"";"";"";"33134";"3809"
"к";"3";"Окт";"Минск";"Казинца ул.";"76";"2";"9";"п";"63,5";"12,4";"7,2";"1976";"";"";"33134";"2674"
"к";"2";"Пер";"Минск";"Калиновского ул.";"21";"4";"5";"к";"42,9";"10,8";"6";"1963";"2018";"";"33134";"3068"
"к";"4";"Моск";"Брест";"Защитников Отечества ул.";"13";"1";"5";"п";"85,1";"25,6";"10";"1990";"2020";"б";"33134";"1293"
"к";"4";"Лен";"Брест";"Защитников Отечества ул.";"";"1";"5";"п";"89,7";"25,6";"10";"1990";"";"б";"33989";"1328"
"к";"3";"";"Борисов";"Связная ул.";"";"1";"1";"бр";"48,9";"18,5";"9,9";"1987";"";"-";"34203";"1849"
"к";"4";"Фр";"Минск";"Шаранговича ул.";"48";"9";"9";"п";"82";"14";"7,2";"1992";"";"";"34203";"2443"
"к";"4";"Моск";"Брест";"Гаврилова ул.";"";"10";"12";"п";"90,6";"58,4";"9,3";"1985";"";"л";"34203";"586"
"к";"2";"Фр";"Минск";"Мавра ул.";"27";"4";"5";"п";"47,3";"14,4";"6,2";"1972";"";"-";"34631";"2405"
"к";"5";"Зав";"Минск";"Красина ул.";"49-4";"1";"5";"п";"59";"14,5";"12";"1965";"";"-";"34845";"2403"
"к";"2";"Пер";"Минск";"Логойский тракт";"24";"2";"9";"к";"38,4";"12";"6,3";"1965";"";"л";"34951";"2914"
"к";"4";"Мос";"Минск";"Правда газеты просп.";"22";"1в";"9";"п";"77,2";"13,8";"7,1";"1978";"";"-";"35272";"2557"
"к";"4";"Пер";"Минск";"Стариновская ул.";"4";"1в";"9";"п";"86,2";"12,4";"7,4";"1990";"";"-";"35272";"2845"
"к";"6";"Цен";"Минск";"Гая ул.";"15";"5";"5";"к";"106";"11,7";"—";"1963";"";"-";"35272";"3003"
"к";"3";"Лен";"Брест";"Дубровская ул.";"";"1";"2";"к";"61,9";"43,1";"6,7";"1957";"";"-";"35272";"819"
"к";"4";"Моск";"Брест";"Защитников Отечества ул.";"";"1";"5";"п";"86,6";"56,5";"10";"1990";"";"2б";"35272";"624"
"к";"1";"Зав";"Минск";"Бачило ул.";"7";"6";"9";"п";"37";"17";"8";"";"";"лз";"36341";"2138"
"к";"3";"Зав";"Минск";"Ташкентская ул.";"24-1";"3";"9";"к";"59,6";"15,8";"8,3";"1967";"";"лз";"36341";"2302"
"к";"2";"Лен";"Минск";"Рокоссовского просп.";"17-2";"6";"9";"п";"44,1";"10,6";"7,5";"1975";"";"лз";"36341";"3429"
"к";"3";"Пар";"Минск";"Первомайская ул.";"24-3";"1н";"3";"к";"62,3";"12";"8,6";"2010";"";"-";"36341";"3029"
"к";"3";"Пер";"Витебск";"Московский просп.";"";"7";"9";"п";"64,8";"22,5";"8,6";"1974";"";"-";"36341";"1616"
"к";"3";"Цен";"Минск";"Осипенко ул.";"32";"2";"4";"сб";"56,2";"12,5";"5,6";"1960";"";"";"37410";"2993"
"к";"3";"Зав";"Минск";"Уборевича ул.";"22";"5";"5";"к";"61,1";"12,3";"6,4";"1970";"";"-";"37410";"3042"
"к";"3";"Фр";"Минск";"Берута ул.";"22-1";"4";"9";"п";"60,4";"11,9";"7,5";"1975";"2000";"бз";"37410";"3145"
"к";"3";"Пар";"Минск";"Карвата ул.";"25";"7";"10";"п";"73,8";"13,7";"9,3";"2000";"";"лз";"38265";"2794"
"к";"3";"";"Юбилейный";"1-А";"";"4";"5";"п";"69,2";"16,6";"9,2";"1988";"";"л";"38479";"2317"
"к";"3";"Зав";"Минск";"Партизанский просп.";"71-а";"4";"4";"к";"75,2";"13,7";"8,8";"1958";"";"бзв";"38479";"2800"
"к";"6";"Зав";"Минск";"Филатова ул.";"18";"2";"4";"к";"105";"12,3";"10,7";"1962";"2010";"";"38479";"3127"
"к";"3";"Лен";"Минск";"Плеханова ул.";"53";"5";"12";"п";"65";"8,6";"8,8";"1977";"";"";"38479";"4474"
"к";"3";"Окт";"Минск";"Корженевского ул.";"21";"4";"9";"п";"67,5";"13,8";"7,2";"1975";"";"-";"38479";"2788"
"к";"2";"Сов";"Минск";"Мирошниченко ул.";"47";"7";"9";"п";"48,8";"11,3";"7,1";"1978";"";"";"38479";"3405"
"к";"3";"Фр";"Минск";"Дунина-Марцинкевича ул.";"2-2";"8";"9";"п";"62,2";"10,4";"8,5";"1978";"";"-";"38479";"3700"
"к";"3";"Цен";"Минск";"Обойный пер.";"8";"2";"2";"к";"70,7";"13,8";"5,7";"1949";"";"б";"38479";"2788"
"к";"3";"Лен";"Брест";"Республиканская ул.";"";"3";"5";"к";"66,6";"42,2";"11,2";"2011";"";"2л";"38479";"913"
"к";"3";"Моск";"Брест";"Жукова ул.";"";"5";"5";"к";"88,1";"52,6";"13,7";"2002";"";"л";"38479";"731"
"к";"6";"Пер";"Минск";"Академическая ул.";"23";"4";"5";"к";"105";"12,6";"10,8";"1963";"";"-";"38906";"3087"
"к";"6";"Мос";"Минск";"Хмелевского ул.";"33";"1";"4";"б";"104";"12,1";"10,9";"1965";"";"-";"39120";"3232"
"к";"4";"Фр";"Минск";"Игнатовского ул.";"3";"4";"9";"п";"99,8";"17,9";"12";"2008";"";"л";"39761";"2221"
"к";"2";"";"Гатово";"Металлургическая ул.";"24-2";"5";"5";"п";"52,1";"17,9";"9,2";"1993";"";"л";"40616";"2268"
"к";"2";"Зав";"Минск";"Краснослободская ул.";"1";"5";"5";"к";"48,5";"17,8";"6,6";"1968";"2006";"-";"40616";"2281"
"к";"5";"Пер";"Минск";"Кнорина ул.";"";"4";"5";"б";"86";"15,3";"9";"1961";"2010";"бз";"40616";"2655"
"к";"2";"Сов";"Минск";"Кульман ул.";"24";"9";"9";"п";"40";"9";"7";"1973";"";"-";"40616";"4513"
"к";"3";"Цен";"Минск";"Осипенко ул.";"32";"2";"4";"б";"56,2";"13,3";"5,6";"1960";"2017";"б";"40616";"3055"
"к";"7";"Пер";"Минск";"Горбатова ул.";"38";"1";"2";"к";"234";"17,5";"10,5";"2007";"";"-";"41685";"2381"
"к";"3";"Пер";"Минск";"Пономарева ул.";"10";"1";"4";"к";"66,8";"12,2";"6";"1953";"";"-";"41685";"3416"
"к";"3";"Фр";"Минск";"Лынькова ул.";"23-Г";"8";"9";"п";"71,4";"45";"9";"1978";"";"2лз";"42540";"945"
"к";"2";"Фр";"Минск";"Мавра ул.";"17";"5";"5";"п";"50,2";"17,2";"6,3";"1971";"";"-";"42540";"2473"
"к";"2";"Цен";"Минск";"Осипенко ул.";"31";"5";"5";"п";"43";"17,3";"—";"1962";"";"б";"42540";"2458"
"к";"3";"Жел";"Гомель";"Кирова ул.";"90";"2";"5";"п";"61";"34,3";"6,1";"1974";"";"б";"42540";"1240"
"к";"3";"Фр";"Минск";"Лынькова ул.";"65";"1";"3";"к";"67,9";"20,1";"7,2";"1966";"";"";"42754";"2127"
"к";"2";"Зав";"Минск";"Голодеда ул.";"25";"1в";"5";"п";"43,7";"17";"6,2";"1968";"";"-";"42754";"2514"
"к";"3";"Лен";"Минск";"Рокоссовского просп.";"104";"5";"5";"к";"54";"34,9";"7,5";"1972";"";"бз";"42754";"1225"
"к";"4";"Мос";"Минск";"Космонавтов ул.";"7-2";"8";"12";"п";"76,4";"16";"8,9";"1988";"";"-";"42754";"2672"
"к";"3";"Мос";"Минск";"Рафиева ул.";"3-1";"5";"12";"п";"64,2";"16,3";"8,8";"1986";"";"-";"42754";"2623"
"к";"3";"Окт";"Минск";"Кижеватова ул.";"76";"7";"9";"п";"60,5";"12";"7,2";"1977";"";"л";"42754";"3564"
"к";"2";"Пер";"Минск";"Шугаева ул.";"3-2";"3";"9";"п";"46,9";"28,5";"7,2";"1988";"";"лз";"42754";"1501"
"к";"4";"Фр";"Минск";"Притыцкого ул.";"152";"4";"12";"п";"77,7";"13";"8,9";"1989";"";"2л";"43823";"3371"
"к";"2";"Зав";"Минск";"Васнецова ул.";"11";"1";"5";"п";"42,6";"17,2";"5,8";"1962";"";"-";"44892";"2617"
"к";"2";"Пер";"Минск";"Пономарева ул.";"5";"3";"4";"к";"60";"14,4";"9,5";"1951";"2015";"б";"44892";"3117"
"к";"2";"Фр";"Минск";"Берута ул.";"9-4";"5";"5";"п";"44,3";"14";"6,2";"1967";"2015";"бз";"44892";"3207"
"к";"3";"Фр";"Минск";"Лынькова ул.";"47";"1";"2";"к";"83,9";"21,6";"10";"1953";"2015";"-";"44892";"2078"
"к";"2";"Пер";"Минск";"Калиновского ул.";"24";"1";"5";"п";"38,2";"14,7";"6,2";"1968";"";"-";"45961";"3127"
"к";"2";"Лен";"Минск";"Прушинских ул.";"32";"1";"9";"п";"51,1";"11,3";"9";"2003";"";"";"46816";"4143"
"к";"2";"Зав";"Минск";"Народная ул.";"40";"1";"3";"к";"42";"16";"6,2";"1950";"";"-";"47029";"2939"
"к";"3";"Лен";"Минск";"Малинина ул.";"34";"5";"9";"п";"60,5";"38,7";"7,1";"1976";"2019";"л";"47029";"1214"
"к";"3";"Лен";"Минск";"Рокоссовского просп.";"12-1";"5";"9";"п";"64";"13";"7,2";"";"";"лз";"47029";"3617"
"к";"3";"Окт";"Минск";"Кижеватова ул.";"64";"3";"9";"п";"66,8";"17";"7";"1977";"";"лз";"47029";"2766"
"к";"3";"Пер";"Минск";"Калиновского ул.";"57-1";"5";"5";"п";"48,7";"33,7";"6";"1966";"";"б";"47029";"1396"
"к";"3";"Пер";"Минск";"Почтовая ул.";"8";"4";"5";"п";"63,9";"16,3";"8,7";"1973";"";"б";"47029";"2886"
"к";"3";"Фр";"Минск";"Лынькова ул.";"23-а";"8";"9";"п";"71,7";"14";"9,3";"1978";"";"лз";"47671";"3405"
"к";"4";"";"Гатово";"Металлургическая ул.";"18-2";"5";"5";"б";"92,5";"30,1";"9,2";"1990";"";"б";"48098";"1599"
"к";"5";"Мос";"Минск";"Хмелевского ул.";"33";"1";"4";"б";"93,8";"16,5";"10,3";"1965";"";"-";"48098";"2916"
"к";"6";"Мос";"Минск";"Хмелевского ул.";"33";"1";"4";"б";"104";"16,8";"10,9";"1965";"2005";"-";"48740";"2901"
"к";"5";"Окт";"Минск";"Пуховичская ул.";"13";"3";"4";"к";"92";"29";"13";"1963";"";"-";"49167";"1695"
"к";"3";"Пер";"Минск";"Калиновского ул.";"52";"1";"5";"п";"61,7";"17,3";"6,2";"1970";"2014";"";"49167";"2841"
"к";"3";"Пер";"Минск";"Независимости просп.";"133";"3";"9";"п";"68";"14";"7";"";"";"-";"49167";"3512"
"к";"2";"Сов";"Минск";"Кульман ул.";"24";"4";"9";"п";"48";"13,4";"7,2";"1973";"";"л";"49167";"3668"
"к";"2";"Пер";"Минск";"Калиновского ул.";"79";"1в";"5";"п";"49,7";"17,2";"6,2";"1966";"";"-";"50236";"2920"
"к";"2";"Сов";"Минск";"Богдановича ул.";"60";"4";"5";"к";"40,3";"14,7";"5,2";"1966";"";"-";"50236";"3418"
"к";"3";"Пар";"Минск";"Солтыса ул.";"86";"5";"9";"п";"82,3";"17,9";"12,6";"2006";"";"л";"50877";"2843"
"к";"2";"Зав";"Минск";"Уборевича ул.";"76";"2";"5";"п";"49,9";"17,2";"6,2";"1970";"";"";"51305";"2982"
"к";"3";"Зав";"Минск";"Партизанский просп.";"71-а";"4";"4";"к";"75,2";"32,1";"8,8";"1958";"";"бзв";"51305";"1599"
"к";"4";"Окт";"Минск";"Асаналиева ул.";"5";"1";"9";"п";"80,1";"13,9";"7,1";"1980";"";"";"51305";"3688"
"к";"3";"Пер";"Минск";"Рогачевская ул.";"7";"5";"9";"п";"68";"18";"9";"1995";"";"л";"51305";"2850"
"к";"2";"Фр";"Минск";"Жудро ул.";"4";"1в";"5";"к";"52,4";"16,7";"6,6";"1970";"2012";"-";"51305";"3070"
"к";"1";"Мос";"Минск";"Есенина ул.";"20";"1в";"9";"п";"85,3";"17";"—";"1986";"";"л";"52374";"3080"
"к";"2";"Окт";"Минск";"Пуховичская ул.";"12";"2";"3";"к";"42,6";"16,4";"—";"1960";"";"бз";"53229";"3251"
"к";"2";"Окт";"Минск";"Казинца ул.";"110";"2";"5";"п";"50";"17,2";"6,1";"1969";"";"бзв";"53440";"3106"
"к";"2";"Зав";"Минск";"Илимская ул.";"5";"8";"9";"п";"49,3";"12,1";"7";"1984";"";"-";"53443";"4416"
"к";"2";"Лен";"Минск";"Прушинских ул.";"14";"9";"15";"п";"61,1";"13,2";"9,5";"2006";"";"лз";"53443";"4049"
"к";"1";"Лен";"Минск";"Прушинских ул.";"10";"1";"9";"п";"40,3";"11,8";"9";"2002";"";"бз";"53443";"4530"
"к";"3";"Лен";"Минск";"Сырокомли ул.";"12";"4";"10";"сб";"83,7";"17";"10";"2009";"";"";"53443";"3145"
"к";"2";"Окт";"Минск";"Кижеватова ул.";"76";"1";"9";"п";"49";"13,9";"7,2";"1977";"";"-";"53443";"3846"
"к";"2";"Пар";"Минск";"Багратиона 2-й пер.";"19";"3";"9";"п";"50,5";"13,8";"7,1";"1974";"";"л";"53443";"3874"
"к";"2";"Пер";"Минск";"Калиновского ул.";"64";"5";"5";"п";"49,8";"17,2";"6,1";"1969";"";"бз";"53443";"3106"
"к";"2";"Сов";"Минск";"Гамарника ул.";"35";"3";"5";"к";"52,1";"16,4";"6,4";"1969";"";"бз";"53443";"3256"
"к";"2";"Фр";"Минск";"Якубовского ул.";"25";"6";"9";"п";"57,1";"13,9";"9,2";"1982";"";"л";"53443";"3846"
"к";"3";"Моск";"Брест";"Краснознаменная ул.";"";"4";"9";"п";"80,3";"46,2";"8,7";"2009";"";"2л";"53443";"1156"
"к";"3";"Фр";"Минск";"Матусевича ул.";"90";"7";"10";"п";"75,2";"17,1";"10,5";"2004";"";"-";"54298";"3174"
"к";"3";"Цен";"Минск";"Победителей просп.";"97-1";"7";"9";"п";"64,1";"16,2";"8,7";"1990";"";"";"54511";"3365"
"к";"2";"Пер";"Минск";"Независимости просп.";"137-1";"3";"9";"п";"48,5";"16,9";"7";"1971";"";"л";"55366";"3277"
"к";"4";"";"Лужки";"Центральная ул.";"39";"2";"2";"п";"120";"64";"9,9";"1986";"";"-";"55580";"868"
"к";"2";"Пер";"Минск";"Седых ул.";"14";"5";"5";"п";"49,8";"17,3";"6,1";"1967";"2019";"-";"55580";"3213"
"к";"3";"Цен";"Минск";"Заславская ул.";"25";"4";"9";"п";"64";"16";"8,7";"1984";"";"";"55580";"3474"
"к";"2";"Лен";"Минск";"Козыревская ул.";"20";"5";"9";"п";"60,4";"17,7";"8,9";"2000";"";"";"56649";"3200"
"к";"2";"Пар";"Минск";"Захарова ул.";"69";"5";"5";"к";"48,2";"17,7";"6,5";"1968";"";"-";"57718";"3260"
"к";"3";"Пер";"Минск";"Пономарева ул.";"9";"4";"4";"к";"69,3";"22,5";"6,1";"1953";"";"-";"57718";"2565"
"к";"3";"Фр";"Минск";"Налибокская ул.";"46";"2";"9";"п";"76,4";"17,2";"10,2";"2012";"";"";"57718";"3356"
"к";"2";"Цен";"Минск";"Каховская ул.";"51";"5";"5";"п";"42";"17,2";"5,7";"1962";"2012";"б";"58787";"3420"
"к";"3";"Фр";"Минск";"Чичурина ул.";"6";"9";"9";"п";"71,8";"17,9";"11,5";"2011";"";"л";"59214";"3307"
"к";"4";"Моск";"Брест";"Октябрьской революции ул.";"";"2";"9";"п";"81,1";"52,8";"9,2";"1991";"";"3л";"59428";"1127"
"к";"3";"Фр";"Минск";"Бельского ул.";"61";"4";"9";"п";"71,9";"18";"9,3";"1979";"";"бз";"59642";"3313"
"к";"3";"";"Гатово";"Металлургическая ул.";"15";"1в";"9";"п";"67,2";"32,2";"7,3";"1989";"";"лз";"59856";"1860"
"к";"3";"Лен";"Минск";"Прушинских ул.";"30";"3";"9";"п";"78";"17,9";"12,6";"";"";"лз";"59856";"3343"
"к";"2";"Фр";"Минск";"Глебки ул.";"48";"5";"9";"п";"49,3";"17,1";"7,2";"1975";"2019";"л";"59856";"3499"
"к";"2";"Фр";"Минск";"Лынькова ул.";"87-1";"5";"9";"б";"58,1";"23,8";"9";"2000";"";"2лзв";"59856";"2514"
"к";"2";"Зав";"Минск";"Ташкентская ул.";"22-4";"5";"5";"к";"48,8";"17,6";"6,6";"1967";"";"";"61780";"3512"
"к";"4";"Фр";"Минск";"Притыцкого ул.";"138";"7";"12";"п";"77,3";"21,8";"8,9";"1989";"";"лз";"61780";"2835"
"к";"6";"Пер";"Минск";"Козлова ул.";"31";"2";"5";"п";"105";"21,7";"10,5";"1961";"2008";"-";"61993";"2856"
"к";"2";"Мос";"Минск";"Космонавтов ул.";"13-1";"8";"12";"п";"50,5";"14,7";"8,9";"1987";"";"лз";"62421";"4245"
"к";"2";"Пер";"Минск";"Независимости просп.";"145";"9т";"9";"п";"46,7";"17,1";"7,2";"1973";"2015";"лзв";"63062";"3688"
"к";"3";"Сов";"Минск";"Гамарника ул.";"9-2";"2";"9";"к";"63";"32";"10,8";"1971";"";"бз";"63062";"1971"
"к";"2";"Мос";"Минск";"Уманская 1-я ул.";"25";"1";"1";"п";"51,7";"32,5";"11,7";"1971";"";"-";"63917";"1967"
"к";"3";"Зав";"Минск";"Герасименко ул.";"52-2";"5";"9";"п";"62,3";"31";"8,3";"1985";"";"л";"64131";"2069"
"к";"2";"Мос";"Минск";"Рафиева ул.";"54";"5";"25";"кб";"52,8";"15";"12,1";"2013";"";"лз";"64131";"4275"
"к";"3";"Сов";"Минск";"Восточная ул.";"36";"2";"6";"п";"58,4";"46,8";"6";"1964";"2007";"";"64131";"1370"
"к";"2";"Фр";"Минск";"Пушкина просп.";"85";"6";"9";"п";"49,7";"24,9";"8,3";"1974";"";"лзв";"64131";"2580"
"к";"2";"Фр";"Минск";"Пушкина просп.";"52";"2";"9";"п";"54,6";"17";"—";"1972";"";"-";"64131";"3777"
"к";"3";"Окт";"Минск";"Кижеватова ул.";"64";"2";"9";"п";"64";"26";"7";"1977";"";"лз";"65200";"2508"
"к";"6";"Пер";"Минск";"Козлова ул.";"31";"4";"5";"к";"106";"24";"11,2";"1961";"2008";"бз";"66269";"2762"
"к";"3";"Пер";"Минск";"Независимости просп.";"153-1";"1в";"5";"п";"61,3";"17,2";"6,2";"1969";"";"";"66269";"3852"
"к";"4";"Зав";"Минск";"Голодеда ул.";"9";"1";"5";"п";"58,3";"34,1";"6,2";"1969";"";"лз";"68406";"2009"
"к";"4";"Окт";"Минск";"Московская ул.";"13";"5";"5";"к";"103";"22,6";"11,5";"1953";"";"б";"69475";"3080"
"к";"3";"Зав";"Минск";"Ташкентская ул.";"22-1";"3";"5";"к";"55";"23,6";"7,4";"1968";"";"бз";"70544";"2989"
"к";"3";"Зав";"Минск";"Уборевича ул.";"160";"2";"5";"п";"61";"28,4";"6,2";"1967";"";"";"70544";"2484"
"к";"5";"Цен";"Минск";"Хоружей ул.";"42";"5";"5";"к";"85,3";"23,2";"9,8";"1961";"2019";"б";"70544";"3046"
"к";"3";"Зав";"Минск";"Народная ул.";"23-1";"1в";"5";"п";"58,1";"39";"5,9";"1961";"";"-";"73109";"1873"
"к";"3";"Зав";"Минск";"Ангарская ул.";"15-1";"5";"5";"к";"54,6";"24";"7,5";"1969";"2009";"б";"74820";"3117"
"к";"3";"Лен";"Минск";"Рокоссовского просп.";"49";"6";"9";"п";"72,1";"34,1";"7,1";"1976";"";"2лз";"74820";"2193"
"к";"2";"Мос";"Минск";"Правда газеты просп.";"14";"4";"9";"п";"49,7";"17";"7,1";"1978";"";"лз";"74820";"4391"
"к";"3";"Лен";"Минск";"Горовца ул.";"20-1";"2";"12";"п";"72,6";"25,8";"8,9";"1980";"";"лз";"76957";"2982"
"к";"3";"Пер";"Минск";"Калиновского ул.";"35";"3";"5";"п";"56,5";"31,1";"6,8";"1963";"";"бз";"76957";"2475"
"к";"3";"Зав";"Минск";"Герасименко ул.";"20";"3";"9";"п";"62,9";"30,8";"7";"1983";"";"лз";"79095";"2567"
"к";"3";"Фр";"Минск";"Дунина-Марцинкевича ул.";"6";"5";"9";"п";"63,4";"30,5";"8,6";"1976";"2018";"2лз";"79095";"2593"
"к";"3";"";"Заславль";"Советская ул.";"53";"3";"3";"к";"67,9";"32,8";"7";"";"";"б";"81233";"2478"
"к";"3";"Зав";"Минск";"Центральная ул.";"3";"4";"4";"к";"73,5";"31,2";"9";"1936";"";"-";"81233";"2604"
"к";"4";"Фр";"Минск";"Дунина-Марцинкевича ул.";"6-2";"9";"12";"к";"79,8";"48,7";"8,5";"1988";"";"лз";"82943";"1704"
"к";"2";"Цен";"Минск";"Орловская ул.";"19";"4";"5";"п";"46";"34,5";"5,7";"1962";"2010";"б";"83157";"2411"
"к";"4";"Мос";"Минск";"Космонавтов ул.";"7-2";"7т";"12";"п";"77,4";"24,8";"9";"1988";"";"-";"83370";"3363"
"к";"3";"";"Лесной";"33-а";"";"7";"9";"п";"84";"27";"13,4";"2011";"";"2лз";"85508";"3166"
"к";"2";"Мос";"Минск";"Голубева ул.";"7";"6";"9";"п";"63,4";"26,5";"7,1";"1980";"";"-";"85508";"3226"
"к";"4";"Мос";"Минск";"Слободская ул.";"117";"1в";"9";"п";"86,9";"39,9";"7,1";"1996";"";"2л";"85508";"2144"
"к";"4";"Сов";"Минск";"Восточная ул.";"38";"8";"9";"к";"75,5";"54,6";"7,1";"1969";"";"2л";"85508";"1567"
"к";"3";"Цен";"Минск";"Немига ул.";"6";"10";"11";"к";"78";"45";"9";"1982";"";"лз";"85508";"1900"
"к";"4";"Фр";"Минск";"Мавра ул.";"16-1";"1";"5";"п";"70,5";"35,7";"7,5";"1973";"";"лз";"86577";"2424"
"к";"2";"Мос";"Минск";"Люксембург ул.";"178";"3";"9";"к";"50,7";"34";"8";"1969";"2010";"-";"88715";"2610"
"к";"2";"";"Большой Тростенец";"Совхозная ул.";"4";"1";"1";"бр";"59,9";"34,2";"20,3";"";"";"-";"89783";"2625"
"к";"3";"Пар";"Минск";"Менделеева ул.";"23";"7";"9";"п";"67,5";"29";"7";"1977";"";"лз";"89783";"3095"
"к";"2";"Фр";"Минск";"Пушкина просп.";"29";"3";"9";"п";"56";"35";"10";"1972";"2018";"лз";"89783";"2565"
"к";"3";"Окт";"Минск";"Воронянского ул.";"52";"2";"9";"п";"60,3";"29";"7,1";"1973";"";"-";"90852";"3138"
"к";"3";"Лен";"Минск";"Сырокомли ул.";"12";"4";"10";"сб";"83,7";"33,1";"10";"2009";"";"";"96197";"2907"
"к";"2";"Сов";"Минск";"Красная ул.";"22";"8";"8";"к";"53,4";"18,4";"9,2";"1958";"";"б";"96197";"5242"
"к";"3";"Фр";"Минск";"Каменногорская ул.";"108";"6";"9";"п";"79,2";"29,7";"10,2";"2013";"";"лз";"96197";"3239"
"к";"4";"Фр";"Минск";"Пушкина просп.";"59";"3";"5";"п";"59";"35";"5,7";"1966";"";"бз";"101541";"2901"
"к";"4";"Мос";"Минск";"Слободская ул.";"117";"1в";"9";"п";"81,9";"41,8";"7,2";"1996";"";"лз";"102610";"2454"
"к";"3";"Фр";"Минск";"Мавра ул.";"36";"1";"5";"б";"66,3";"32";"7,4";"1972";"";"лз";"102610";"3207"
"к";"4";"Цен";"Минск";"Немига ул.";"12";"11";"11";"к";"83,2";"27,3";"9,5";"1990";"";"лз";"106457";"3899"
"к";"5";"Пер";"Минск";"Козлова ул.";"31";"1";"5";"к";"94,1";"34,8";"10,6";"1961";"2010";"-";"111802";"3213"
"к";"3";"Лен";"Брест";"Советская ул.";"";"2";"9";"к";"70,8";"47,5";"9,4";"1975";"";"2л";"117574";"2475"
"к";"6";"Мос";"Минск";"Хмелевского ул.";"33";"2";"4";"сб";"103";"63,2";"10,5";"1965";"2000";"-";"138951";"2198"
"к";"4";"Цен";"Минск";"Городской Вал ул.";"10";"2";"5";"к";"98,9";"59";"7,2";"1956";"";"-";"149425";"2533"
"к";"3";"";"Лесной";"37";"";"7";"п";"";"76,2";"17,2";"10,2";"";"";"лз";"";""
"к";"2";"";"Бобруйск";"Октябрьская ул.";"88";"1в";"3";"к";"75,3";"22";"6,9";"1959";"";"-";"";""
"к";"2";"";"Осиповичи";"Сумченко ул.";"83";"6";"6";"к";"58,1";"20,8";"9,9";"2003";"";"л";"";""
"к";"2";"Окт";"Минск";"Кижеватова ул.";"76";"1в";"9";"п";"49,5";"13,9";"7,2";"1977";"";"-";"";""
"к";"1";"Жел";"Гомель";"Народного Ополчения ул.";"6";"4";"9";"к";"35,4";"33,4";"8";"1998";"";"б";"";""
"к";"4";"Жел";"Витебск";"Кирова ул.";"";"5";"5";"к";"73,3";"24,3";"—";"";"";"-";"";""
"к";"4";"";"Мичуринская";"Мира ул.";"39";"1";"5";"к";"77,4";"23,1";"7,6";"1991";"";"л";"";""
"к";"3";"Фр";"Минск";"Глебки ул.";"126";"1в";"9";"п";"72";"17,9";"9,5";"1979";"";"2л";"";""
"к";"2";"Фр";"Минск";"Мавра ул.";"17";"1";"5";"п";"47";"17,3";"6,2";"1971";"";"-";"";""
"1";"1";"";"Корени";"Солнечный пер.";"3-2";"1";"1";"к";"52,7";"17,6";"10";"1999";"";"в";"5344";"100"
"1";"1";"";"Домачево";"";"";"1";"1";"бр";"16,4";"—";"7,8";"1946";"";"-";"7482";"455"
"1";"1";"";"Осинторф";"Советская ул.";"6-а";"2";"3";"к";"32,3";"17,9";"6,6";"1984";"";"лз";"7482";"231"
"1";"1";"";"Ореховск";"Бел ГРЭС ул.";"5";"1в";"3";"к";"27,7";"16,3";"5,9";"1931";"2008";"-";"8551";"308"
"1";"1";"";"Крапивно";"Центральная ул.";"49";"1";"3";"б";"36,3";"18,6";"9,1";"";"";"-";"8551";"235"
"1";"1";"";"Седча";"Железнодорожная ул.";"";"1";"1";"бр";"17,8";"11,5";"5,8";"";"";"-";"9620";"541"
"1";"1";"";"Крайск";"Буденного ул.";"";"1";"2";"к";"42,1";"21,1";"8,9";"1970";"";"л";"10689";"254"
"1";"1";"";"Негорелое";"Ленинская ул.";"";"1";"1";"бр";"28,3";"14,3";"—";"1926";"";"-";"10689";"378"
"1";"1";"";"Пиревичи";"Суворова ул.";"";"3";"4";"п";"38,7";"19,1";"8,4";"1992";"";"бз";"10689";"276"
"1";"1";"";"Озаричи";"Гагарина ул.";"5";"2";"2";"п";"38";"18,5";"7,8";"1990";"";"бзв";"11437";"301"
"1";"1";"";"Бобруйск";"Бахарова ул.";"169";"1";"1";"бр";"19";"13";"6";"";"";"-";"11757";"618"
"1";"1";"";"Крулевщина";"Полевого ул.";"8-5";"2";"4";"к";"30,8";"20,1";"5,7";"1972";"2015";"-";"11757";"383"
"1";"1";"";"Дивин";"Ленина ул.";"";"1";"3";"п";"32,3";"15,8";"8,8";"";"";"б";"12826";"398"
"1";"1";"";"Узда";"Ленинская ул.";"";"1";"1";"бр";"20,5";"10,9";"9,6";"1955";"";"-";"12826";"626"
"1";"1";"";"Высокое";"";"";"1";"1";"бр";"32";"14,5";"10,1";"1953";"";"-";"13895";"434"
"1";"1";"";"Дивин";"Ленина ул.";"";"1";"3";"п";"33";"16";"10";"1985";"";"б";"13895";"421"
"1";"1";"";"Кобрин";"Парковая ул.";"";"2";"5";"п";"49,1";"29,1";"7,3";"1989";"";"л";"13895";"282"
"1";"1";"";"Славгород";"Калинина";"62";"2";"2";"к";"37,9";"18,9";"7,2";"";"";"б";"14857";"391"
"1";"1";"";"Ореховск";"Бел ГРЭС ул.";"34";"5";"5";"к";"32,3";"15,3";"7,9";"";"";"б";"14964";"464"
"1";"1";"";"Лунинец";"Гомельская ул.";"1";"2";"2";"к";"30,1";"16,1";"8,7";"";"";"-";"14964";"498"
"1";"1";"";"Хойники";"Колесника ул.";"";"5";"5";"п";"36,8";"19,9";"7";"1992";"";"л";"14964";"406"
"1";"1";"";"Светлогорск";"Октябрьский м-н";"47";"4";"5";"п";"30,7";"19";"5,8";"1966";"";"б";"14964";"487"
"1";"1";"Жел";"Витебск";"Задорожный пер.";"";"1";"1";"к";"29,3";"16,8";"7";"";"";"-";"14964";"511"
"1";"1";"";"Маревиль";"Советская ул.";"5";"2";"2";"к";"35,5";"19,9";"6,3";"1974";"";"л";"16033";"451"
"1";"1";"";"Дивин";"";"";"3";"3";"п";"32,3";"15,6";"8,3";"";"";"-";"17102";"530"
"1";"1";"";"Пинск";"Брестская ул.";"42";"1";"1";"к";"29";"17";"11";"";"";"-";"17102";"590"
"1";"1";"";"Речица";"Гастелло ул.";"130";"1";"1";"бр";"24,7";"14,4";"—";"";"";"-";"17102";"693"
"1";"1";"";"Речица";"Гастелло ул.";"130";"1";"1";"бр";"24,7";"14,4";"—";"";"";"-";"17102";"693"
"1";"1";"";"Несвиж";"Сырокомли ул.";"27";"1";"1";"п";"37,1";"16,2";"7,7";"1933";"";"-";"17102";"462"
"1";"1";"";"Светлогорск";"Октябрьский м-н";"51";"1";"5";"п";"—";"—";"—";"1969";"2015";"";"";""
"1";"1";"Моск";"Брест";"Московская ул.";"1";"5";"5";"п";"61,8";"45,8";"5,4";"1980";"";"б";"18170";"295"
"1";"1";"";"Пинск";"60 Лет Октября ул.";"";"5";"5";"к";"20,6";"11,1";"4,7";"1972";"";"-";"18384";"891"
"1";"1";"";"Ганцевичи";"Строителей ул.";"31";"5";"5";"п";"37,4";"19,4";"9,3";"1992";"";"бз";"18598";"498"
"1";"1";"";"Бобруйск";"Орловского ул.";"27";"3";"5";"к";"20,5";"11,3";"5,2";"1971";"2016";"-";"18812";"917"
"1";"1";"";"Новый Путь";"";"";"2";"2";"к";"46,8";"26";"9";"1980";"";"2б";"19239";"410"
"1";"1";"";"Березино";"Минская";"3";"1";"2";"к";"30,2";"18,8";"6,3";"1959";"";"-";"19239";"637"
"1";"1";"";"Березино";"Минская";"3";"2";"2";"к";"29,7";"19,3";"6,2";"1959";"";"-";"19239";"648"
"1";"1";"";"Копти";"Центральная ул.";"";"1";"4";"к";"39,9";"16,4";"9";"1974";"";"бз";"19239";"483"
"1";"1";"";"Светлогорск";"Зеленая ул.";"12";"1в";"2";"п";"38";"19";"8,1";"1991";"";"бз";"20308";"534"
"1";"1";"Лен";"Брест";"Писателя Смирнова ул.";"";"1";"1";"к";"24,3";"16,5";"7,8";"1957";"";"-";"20308";"836"
"1";"1";"";"Светлогорск";"Юбилейный м-н";"1-б";"4";"10";"к";"36,2";"20,4";"8,1";"1991";"";"л";"21163";"584"
"1";"1";"";"Хотислав";"";"";"3";"3";"п";"36,8";"17,2";"9";"1993";"";"л";"21377";"581"
"1";"1";"";"Малорита";"";"";"1";"2";"к";"31,7";"17,8";"5,4";"1968";"";"-";"21377";"673"
"1";"1";"";"Хотислав";"";"";"3";"3";"п";"36,8";"17";"9";"1993";"";"л";"21377";"581"
"1";"1";"";"Борисов";"30 Лет ВЛКСМ ул.";"";"1";"1";"бр";"18";"17";"—";"";"";"-";"21377";"1189"
